Accel_x,Accel_y,Accel_z,w_x,w_y,w_z,true_label,pred_label_py,prob_Mov00_py,prob_Mov01_py,prob_Mov02_py,prob_Mov03_py,prob_Mov04_py
-0.56,0.04,8.9,-0.0,0.0,0.04,Mov00,Mov00,0.9772538855666808,0.005996680733657765,0.0067831738920001855,0.0049029622290330255,0.0050632975786283965
-0.73,-0.03,8.86,-0.0,-0.0,0.04,Mov00,Mov00,0.9769853611306533,0.006220953861897602,0.006689004206170383,0.0052643958443143145,0.004840284956964358
-0.7,-0.03,8.87,-0.0,0.0,0.04,Mov00,Mov00,0.9770777800469762,0.006198372779001094,0.006663862893330364,0.005189250901595361,0.004870733379097094
-0.66,0.01,8.88,-0.01,0.0,0.04,Mov00,Mov00,0.9727353866579224,0.006837036998883385,0.008041798414781622,0.006079626326650828,0.006306151601761767
-0.7,-0.02,8.88,-0.0,0.0,0.04,Mov00,Mov00,0.977192808384775,0.006145232478734385,0.006656091299323431,0.005159794965131122,0.004846072872036047
-0.71,-0.02,8.87,-0.0,0.0,0.03,Mov00,Mov00,0.97266600803936,0.007951764698937488,0.008173321302719916,0.005863045236978716,0.0053458607220037285
-0.74,-0.01,8.88,-0.0,0.0,0.04,Mov00,Mov00,0.9772247838318979,0.00611176636345233,0.006670622709792891,0.005219714429399154,0.004773112665457643
-0.69,-0.03,8.88,-0.0,0.0,0.03,Mov00,Mov00,0.972791043550287,0.007947060015987148,0.008108052318169709,0.005795440901673057,0.005358403213883184
-0.72,-0.02,8.88,-0.0,0.0,0.04,Mov00,Mov00,0.9772116519526626,0.006139250934907154,0.006650530057151409,0.0051894077795973555,0.004809159275681376
-0.73,-0.02,8.87,-0.0,0.0,0.04,Mov00,Mov00,0.9771008731792541,0.006167623089935143,0.006681206673528182,0.005234516009456027,0.004815781047826598
0.19,-9.81,-0.13,-0.02,0.01,0.05,Mov01,Mov01,0.03520800507069461,0.8921004361890915,0.0007222708164521855,0.03434026134448432,0.037629026579277525
0.28,-9.76,-0.07,-0.02,-0.0,0.03,Mov01,Mov01,0.02569673282269583,0.9085144677075089,0.0007483624292252826,0.0299021747078961,0.03513826233267381
0.16,-9.83,-0.28,-0.0,0.01,-0.01,Mov01,Mov01,0.00946669639697128,0.9631108861448058,0.0004966387060375075,0.014915267128852397,0.01201051162333277
0.19,-9.81,-0.05,-0.0,0.02,0.03,Mov01,Mov01,0.02542370869363482,0.93417477837796,0.0005543627687582298,0.021357785361436087,0.018489364798210877
0.26,-9.82,-0.04,-0.0,0.0,0.02,Mov01,Mov01,0.025653222951943104,0.9275718012374498,0.0006147498936249522,0.023284493752119693,0.02287573216486242
0.25,-9.82,-0.07,-0.01,0.01,0.04,Mov01,Mov01,0.032076392277607856,0.909994898084902,0.0006532500685711566,0.028061284275687676,0.02921417529323115
0.18,-9.79,-0.14,-0.01,-0.0,0.01,Mov01,Mov01,0.01711283018578846,0.9371694126124154,0.0006401079124105307,0.022841926036257905,0.022235723253127757
0.18,-9.77,-0.2,-0.01,-0.0,0.03,Mov01,Mov01,0.027233519657715432,0.9128040789035972,0.0007022504235803931,0.029418808441315676,0.029841342573791108
0.2,-9.75,-0.08,0.0,0.01,0.02,Mov01,Mov01,0.02269599411373936,0.9355942952385757,0.0005995482251629448,0.021692480661416026,0.01941768176110609
0.26,-9.82,-0.01,-0.01,0.01,0.03,Mov01,Mov01,0.02594090868214077,0.9232947248919162,0.0006292327666809767,0.024714464280299407,0.025420669378962563
0.02,9.62,0.41,-0.0,0.02,0.03,Mov02,Mov02,0.029997302072033993,0.0009436004589576194,0.9237491393006774,0.024767766236320748,0.020542191932010182
0.2,9.65,0.57,-0.0,-0.03,0.05,Mov02,Mov02,0.05893196686039179,0.0005107566368313363,0.8695934198502724,0.03122294419232378,0.03974091246018063
0.17,9.65,0.61,-0.01,0.02,0.03,Mov02,Mov02,0.027326702483667677,0.0008702297698195933,0.9258693101426949,0.022993701341241773,0.022940056262576128
0.05,9.66,0.59,-0.0,0.02,0.03,Mov02,Mov02,0.032321556380173595,0.0009139881456349264,0.9226129301308899,0.023796622829900818,0.02035490251340067
0.14,9.66,0.61,-0.02,-0.0,0.05,Mov02,Mov02,0.036983550699683905,0.0005990844406169833,0.8986824989464967,0.028749609138157516,0.03498525677504484
0.12,9.61,0.44,-0.0,-0.02,0.04,Mov02,Mov02,0.04452481938514923,0.000619466155999512,0.8919330544542119,0.029782040872627796,0.033140619132011495
0.07,9.71,0.59,-0.0,0.01,0.03,Mov02,Mov02,0.03327926705907405,0.0008065252283689909,0.9197761583917996,0.024129431934656075,0.022008617386101166
0.12,9.67,0.63,-0.01,0.04,0.03,Mov02,Mov02,0.024935277699995338,0.0010252758976243297,0.9338337556830131,0.021467841628155775,0.018737849091211508
0.21,9.59,0.58,-0.01,0.02,0.03,Mov02,Mov02,0.02745496278018369,0.000908806010367109,0.9246402945520674,0.02323379861604206,0.0237621380413398
0.17,9.59,0.52,0.02,0.01,0.02,Mov02,Mov02,0.03906713619136702,0.001048111773894145,0.9186550711638163,0.022638156682282983,0.01859152418863954
-9.41,0.0,-1.79,-0.01,0.0,0.03,Mov03,Mov03,0.019378050474226333,0.03007046890519287,0.032574872125604844,0.9165550522473503,0.0014215562476255505
-9.54,-0.24,-1.78,-0.01,-0.03,0.02,Mov03,Mov03,0.01738156531615213,0.024821937185573243,0.027646500212660116,0.9286463333811954,0.0015036639044192193
-9.45,-0.11,-1.86,-0.0,-0.02,0.02,Mov03,Mov03,0.019916630860323165,0.028976001343430507,0.030655578025144955,0.9190608512201518,0.001390938550949664
-9.42,-0.04,-1.91,-0.0,-0.0,0.04,Mov03,Mov03,0.024400639771136115,0.028015875770239364,0.029200530150451164,0.9170489038457873,0.0013340504623860173
-9.56,-0.02,-1.79,-0.0,-0.02,0.04,Mov03,Mov03,0.025917255578026367,0.020925674401529096,0.02630208162538784,0.9254882078246104,0.0013667805704462078
-9.44,-0.01,-1.8,-0.0,0.01,0.04,Mov03,Mov03,0.025463190774985676,0.03131799292745486,0.03067306970854731,0.9112941535688373,0.0012515930201750026
-9.48,-0.06,-1.85,-0.0,-0.01,0.04,Mov03,Mov03,0.025229959225694813,0.024561135097575626,0.027496065965095136,0.9213534185965071,0.001359421115127402
-9.7,-0.23,-1.73,0.0,0.01,0.03,Mov03,Mov03,0.02186824160716943,0.035778033540047105,0.028345138139821313,0.9129742204652779,0.0010343662476843915
-9.37,-0.04,-1.86,-0.0,0.01,0.03,Mov03,Mov03,0.022048131225776563,0.036713517346723436,0.033345592208416985,0.9066213881378036,0.001271371081279519
-9.46,-0.06,-1.81,0.01,-0.02,0.03,Mov03,Mov03,0.027600397077440938,0.026342540064471325,0.028690366517727557,0.9160528834371272,0.0013138129032329092
10.03,0.12,-0.25,-0.02,-0.0,0.04,Mov04,Mov04,0.014451174576288178,0.02201145153132234,0.02581076417857709,0.0011384852395013194,0.9365881244743111
9.96,0.0,-0.27,-0.01,0.01,0.05,Mov04,Mov04,0.02151358985607969,0.027081267697995712,0.0264813954282731,0.0013033181585585774,0.9236204288590929
9.96,0.14,-0.19,0.0,-0.01,0.05,Mov04,Mov04,0.026668824598323478,0.020645994421234288,0.024999752959106742,0.001263511158813939,0.9264219168625216
9.75,0.36,-0.04,-0.01,-0.01,0.07,Mov04,Mov04,0.029928007438983297,0.013216098935345005,0.022259989578673433,0.0012905677210033328,0.9333053363259949
10.03,0.06,-0.26,0.0,-0.0,0.03,Mov04,Mov04,0.02098088126816971,0.03340577475698303,0.0315028306115296,0.0013126499299937144,0.912797863433324
10.26,0.4,-0.1,-0.01,-0.04,0.06,Mov04,Mov04,0.019519462343085773,0.00769900054091614,0.016305404875016537,0.0008281298981593129,0.9556480023428222
9.97,0.06,-0.23,-0.01,-0.02,-0.0,Mov04,Mov04,0.011615413611775824,0.033650359240737775,0.03419810243279877,0.0012342957443986428,0.9193018289702889
9.95,0.09,-0.25,-0.01,0.01,0.04,Mov04,Mov04,0.019585690673744143,0.030572165490026042,0.030320961333119234,0.001331957909903455,0.9181892245932071
10.09,0.43,-0.12,0.01,-0.0,-0.0,Mov04,Mov04,0.02008290918431014,0.05031141674516046,0.05015224309330516,0.0013819981193240246,0.8780714328579001
10.03,0.18,-0.21,0.0,-0.02,0.02,Mov04,Mov04,0.01813308496755354,0.02649145311517504,0.03072900058543403,0.0012229131959435795,0.9234235481358939
